module	theorem	axioms
KmapProofs	gray_bound	gray_bound._native.native_decide.ax_1_1,propext
KmapProofs	gray_adjacent	gray_adjacent._native.native_decide.ax_1_1,propext
KmapProofs	gray_hamming_one	Quot.sound,gray_hamming_one._native.native_decide.ax_1_1,propext
KmapProofs	gray_injective	gray_injective._native.native_decide.ax_1_1,propext
KmapProofs	gray_involution	gray_involution._native.native_decide.ax_1_1,propext
KmapProofs	encode_injective	propext
KmapProofs	encode_complement_AT	encode_complement_AT._native.native_decide.ax_1_1,propext
KmapProofs	encode_complement_CG	encode_complement_CG._native.native_decide.ax_1_1,propext
KmapProofs	gray_cycle_AC	gray_cycle_AC._native.native_decide.ax_1_1,propext
KmapProofs	gray_cycle_CG	gray_cycle_CG._native.native_decide.ax_1_1,propext
KmapProofs	gray_cycle_GT	gray_cycle_GT._native.native_decide.ax_1_1,propext
KmapProofs	gray_cycle_TA	gray_cycle_TA._native.native_decide.ax_1_1,propext
KmapProofs	transition_AG	propext,transition_AG._native.native_decide.ax_1_1
KmapProofs	transition_CT	propext,transition_CT._native.native_decide.ax_1_1
KmapProofs	transversion_AC	Quot.sound,propext,transversion_AC._native.native_decide.ax_1_1
KmapProofs	encode_all_distinct	encode_all_distinct._native.native_decide.ax_1_1
KmerIndexing	grayNat_bound_2bit	grayNat_bound_2bit._native.native_decide.ax_1_1,propext
KmerIndexing	grayNat_injective_2bit	grayNat_injective_2bit._native.native_decide.ax_1_1,propext
KmerIndexing	grayNat_oneBitDiff	grayNat_oneBitDiff._native.native_decide.ax_1_1,propext
KmerIndexing	grayNat_cyclic	grayNat_cyclic._native.native_decide.ax_1_1,propext
KmerIndexing	encode_injective	propext
KmerIndexing	encode_val_injective	propext
KmerIndexing	gray_cycle_AC	gray_cycle_AC._native.native_decide.ax_1_1,propext
KmerIndexing	gray_cycle_CG	gray_cycle_CG._native.native_decide.ax_1_1,propext
KmerIndexing	gray_cycle_GT	gray_cycle_GT._native.native_decide.ax_1_1,propext
KmerIndexing	gray_cycle_TA	gray_cycle_TA._native.native_decide.ax_1_1,propext
KmerIndexing	transition_AG	propext,transition_AG._native.native_decide.ax_1_1
KmerIndexing	transition_CT	propext,transition_CT._native.native_decide.ax_1_1
KmerIndexing	complement_AT	complement_AT._native.native_decide.ax_1_1,propext
KmerIndexing	complement_CG	complement_CG._native.native_decide.ax_1_1,propext
KmerIndexing	nucCell_injective	propext
KmerIndexing	nucRow_Col_determine	propext
KmerIndexing	nucCell_adj_AC	
KmerIndexing	nucCell_adj_CG	
KmerIndexing	nucCell_adj_GT	
KmerIndexing	nucCell_adj_TA	
KmerIndexing	dinucEncode_eq	Quot.sound,propext
KmerIndexing	dinucEncode_injective	Quot.sound,propext
KmerIndexing	dinucEncode_bound	Quot.sound,propext
KmerIndexing	dinucRow_bound	
KmerIndexing	dinucCol_bound	
KmerIndexing	dinucRow_cycle_diff_firstPos	dinucRow_cycle_diff_firstPos._native.native_decide.ax_1_6,propext
KmerIndexing	dinucCol_cycle_diff_secondPos	dinucCol_cycle_diff_secondPos._native.native_decide.ax_1_6,propext
KmerIndexing	dinucRow_Col_injective	propext
KmerIndexing	trinucEncode_injective	Quot.sound,propext
KmerIndexing	trinucEncode_bound	Quot.sound,propext
KmerIndexing	tetranucEncode_injective	Quot.sound,propext
KmerIndexing	tetranucEncode_bound	Quot.sound,propext
KmerIndexing	gray_code_preserves_adjacency	Quot.sound,gray_code_preserves_adjacency._native.native_decide.ax_1_10,gray_code_preserves_adjacency._native.native_decide.ax_1_11,gray_code_preserves_adjacency._native.native_decide.ax_1_12,gray_code_preserves_adjacency._native.native_decide.ax_1_13,gray_code_preserves_adjacency._native.native_decide.ax_1_14,gray_code_preserves_adjacency._native.native_decide.ax_1_15,gray_code_preserves_adjacency._native.native_decide.ax_1_16,gray_code_preserves_adjacency._native.native_decide.ax_1_17,gray_code_preserves_adjacency._native.native_decide.ax_1_18,gray_code_preserves_adjacency._native.native_decide.ax_1_19,gray_code_preserves_adjacency._native.native_decide.ax_1_20,gray_code_preserves_adjacency._native.native_decide.ax_1_21,gray_code_preserves_adjacency._native.native_decide.ax_1_22,gray_code_preserves_adjacency._native.native_decide.ax_1_23,gray_code_preserves_adjacency._native.native_decide.ax_1_24,gray_code_preserves_adjacency._native.native_decide.ax_1_25,gray_code_preserves_adjacency._native.native_decide.ax_1_26,gray_code_preserves_adjacency._native.native_decide.ax_1_27,gray_code_preserves_adjacency._native.native_decide.ax_1_28,gray_code_preserves_adjacency._native.native_decide.ax_1_29,gray_code_preserves_adjacency._native.native_decide.ax_1_30,gray_code_preserves_adjacency._native.native_decide.ax_1_7,gray_code_preserves_adjacency._native.native_decide.ax_1_8,gray_code_preserves_adjacency._native.native_decide.ax_1_9,propext
KmerIndexing	complement_distance_2	Quot.sound,complement_distance_2._native.native_decide.ax_1_1,propext
KmerIndexing	transition_distance_1	Quot.sound,propext,transition_distance_1._native.native_decide.ax_1_1
AminoAcidEncoding	encode_injective	propext
AminoAcidEncoding	encode_in_range	propext
AminoAcidEncoding	group_hydrophobic_hamming_le_2	Quot.sound,group_hydrophobic_hamming_le_2._native.native_decide.ax_1_1,propext
AminoAcidEncoding	group_aromatic_hamming_le_2	Quot.sound,group_aromatic_hamming_le_2._native.native_decide.ax_1_1,propext
AminoAcidEncoding	group_sulfur_hamming_eq_1	Quot.sound,group_sulfur_hamming_eq_1._native.native_decide.ax_1_1,propext
AminoAcidEncoding	group_structure_breaking_hamming_eq_1	Quot.sound,group_structure_breaking_hamming_eq_1._native.native_decide.ax_1_1,propext
AminoAcidEncoding	group_polar_uncharged_hamming_le_3	Quot.sound,group_polar_uncharged_hamming_le_3._native.native_decide.ax_1_1,propext
AminoAcidEncoding	group_negative_charged_hamming_eq_1	Quot.sound,group_negative_charged_hamming_eq_1._native.native_decide.ax_1_1,propext
AminoAcidEncoding	group_positive_charged_hamming_le_2	Quot.sound,group_positive_charged_hamming_le_2._native.native_decide.ax_1_1,propext
AminoAcidEncoding	charge_adjacency_DE	Quot.sound,charge_adjacency_DE._native.native_decide.ax_1_1,propext
AminoAcidEncoding	charge_adjacency_HK	Quot.sound,charge_adjacency_HK._native.native_decide.ax_1_1,propext
AminoAcidEncoding	charge_adjacency_KR	Quot.sound,charge_adjacency_KR._native.native_decide.ax_1_1,propext
AminoAcidEncoding	charge_adjacency_HR	Quot.sound,charge_adjacency_HR._native.native_decide.ax_1_1,propext
AminoAcidEncoding	polar_group_chain	Quot.sound,polar_group_chain._native.native_decide.ax_1_1,propext
AminoAcidEncoding	polar_group_max_distance	Quot.sound,polar_group_max_distance._native.native_decide.ax_1_1,propext
AminoAcidEncoding	aromatic_vs_sulfur	Quot.sound,aromatic_vs_sulfur._native.native_decide.ax_1_1,propext
AminoAcidEncoding	max_distance_FH	Quot.sound,max_distance_FH._native.native_decide.ax_1_1,propext
AminoAcidEncoding	max_distance_YE	Quot.sound,max_distance_YE._native.native_decide.ax_1_1,propext
AminoAcidEncoding	max_distance_WR	Quot.sound,max_distance_WR._native.native_decide.ax_1_1,propext
AminoAcidEncoding	max_distance_MK	Quot.sound,max_distance_MK._native.native_decide.ax_1_1,propext
AminoAcidEncoding	hydrophobic_vs_positive	Quot.sound,hydrophobic_vs_positive._native.native_decide.ax_1_1,propext
AminoAcidEncoding	hydrophobic_vs_negative	Quot.sound,hydrophobic_vs_negative._native.native_decide.ax_1_1,propext
AminoAcidEncoding	within_group_distance_1	Quot.sound,propext,within_group_distance_1._native.native_decide.ax_1_1
AminoAcidEncoding	cross_group_distance_1_aliphatic	Quot.sound,cross_group_distance_1_aliphatic._native.native_decide.ax_1_1,propext
AminoAcidEncoding	cross_group_distance_1_aromatic	Quot.sound,cross_group_distance_1_aromatic._native.native_decide.ax_1_1,propext
AminoAcidEncoding	cross_group_distance_1_charged	Quot.sound,cross_group_distance_1_charged._native.native_decide.ax_1_1,propext
AminoAcidEncoding	cross_group_distance_1_polar	Quot.sound,cross_group_distance_1_polar._native.native_decide.ax_1_1,propext
ContactMapCompleteness	contactMap8_symmetric	contactMap8_symmetric._native.native_decide.ax_1_1
ContactMapCompleteness	contactMap8_irreflexive	contactMap8_irreflexive._native.native_decide.ax_1_1
ContactMapCompleteness	contactMap8_unique_contacts	contactMap8_unique_contacts._native.native_decide.ax_1_1
ContactMapCompleteness	contactCell_bound	Quot.sound,propext
ContactMapCompleteness	contactCell_injective	Quot.sound,propext
ContactMapCompleteness	contactCell_symmetric	Quot.sound,propext
ContactMapCompleteness	residueGray_bound	propext,residueGray_bound._native.native_decide.ax_1_1
ContactMapCompleteness	residueGray_injective	propext,residueGray_injective._native.native_decide.ax_1_1
ContactMapCompleteness	contactGrayCell_bound	Quot.sound,propext,residueGray_bound._native.native_decide.ax_1_1
ContactMapCompleteness	contactGrayCell_injective	Quot.sound,contactGrayCell_injective._native.native_decide.ax_1_1,propext,residueGray_bound._native.native_decide.ax_1_1
ContactMapCompleteness	contactGrayCell_differs_from_raw	Quot.sound,propext,residueGray_bound._native.native_decide.ax_1_1
ContactMapCompleteness	contactGrayCell_contact_pairs	Quot.sound,contactGrayCell_contact_pairs._native.native_decide.ax_1_1,propext,residueGray_bound._native.native_decide.ax_1_1
ContactMapCompleteness	contactGrayCell_symmetric_pairs_distinct	Quot.sound,contactGrayCell_symmetric_pairs_distinct._native.native_decide.ax_1_1,propext,residueGray_bound._native.native_decide.ax_1_1
ContactMapCompleteness	contactBool_true_entries	contactBool_true_entries._native.native_decide.ax_1_1
ContactMapCompleteness	contactBool_all_entries_classified	contactBool_all_entries_classified._native.native_decide.ax_1_1
ContactMapCompleteness	contactMap8_min_separation	contactMap8_min_separation._native.native_decide.ax_1_1
ContactMapCompleteness	contactMap8_max_separation	contactMap8_max_separation._native.native_decide.ax_1_1
ContactMapCompleteness	contactMap_no_groupable_minterms	Quot.sound,contactMap_no_groupable_minterms._native.native_decide.ax_1_1,propext,residueGray_bound._native.native_decide.ax_1_1
ContactMapCompleteness	contactMap_pairwise_hamming	Quot.sound,contactMap_pairwise_hamming._native.native_decide.ax_1_1,propext,residueGray_bound._native.native_decide.ax_1_1
ContactMapCompleteness	residue_gray_adjacent	Quot.sound,propext,residue_gray_adjacent._native.native_decide.ax_1_1
KmapEncodingEquiv	rawEncodingInjective	
KmapEncodingEquiv	distanceDistributionCurrent	Classical.choice,Quot.sound,distanceDistributionCurrent._native.native_decide.ax_1_1,propext
KmapEncodingEquiv	unorderedDistanceDistribution	Classical.choice,Quot.sound,propext,unorderedDistanceDistribution._native.native_decide.ax_1_1
KmapEncodingEquiv	degreeOfFiveBitHypercube	Classical.choice,Quot.sound,degreeOfFiveBitHypercube._native.native_decide.ax_1_1,propext
KmapEncodingEquiv	currentEncodingBound	Classical.choice,Quot.sound,propext,unorderedDistanceDistribution._native.native_decide.ax_1_1
KmapEncodingEquiv	total_Q5_edges	Classical.choice,Quot.sound,propext,total_Q5_edges._native.native_decide.ax_1_1
KmapEncodingEquiv	encoding_edge_coverage	Classical.choice,Quot.sound,encoding_edge_coverage._native.native_decide.ax_1_1,propext
KmapEncodingEquiv	consecutive_gray_adjacency	Quot.sound,consecutive_gray_adjacency._native.native_decide.ax_1_1,propext
ContactCircuits	cc_gray_consecutive_adj	propext
ContactCircuits	cc_hd_symm	propext
ContactCircuits	cc_he_dist1_ordered_eq_80	ContactCircuits.cc_he_dist1_ordered_eq_80._native.native_decide.ax_1_1,propext
ContactCircuits	cc_he_dist_counts	ContactCircuits.cc_he_dist_counts._native.native_decide.ax_1_1,propext
ContactCircuits	cc_sep_bin_edges	
ContactCircuits	cc_sep_bin_mono	Quot.sound,propext
ContactCircuits	cc_level1_bounded	Quot.sound,propext
ContactCircuits	cc_level1_injective	Quot.sound,propext
ContactCircuits	cc_cover_complete	ContactCircuits.cc_cover_complete._native.native_decide.ax_1_1,propext
ContactCircuits	cc_off_avoiding	ContactCircuits.cc_off_avoiding._native.native_decide.ax_1_1,propext
ContactCircuits	cc_fixed_match_unique	ContactCircuits.cc_fixed_match_unique._native.native_decide.ax_1_1,propext
ContactCircuits	cc_padding_safety	Classical.choice,ContactCircuits.cc_fixed_match_unique._native.native_decide.ax_1_1,Quot.sound,propext
SequenceCircuits	sc_low_free_is_interval	SequenceCircuits.sc_low_free_is_interval._native.native_decide.ax_1_1,propext
SequenceCircuits	sc_interval_span	SequenceCircuits.sc_interval_span._native.native_decide.ax_1_1,propext
SequenceCircuits	sc_contact_cube_is_block	SequenceCircuits.sc_contact_cube_is_block._native.native_decide.ax_1_1,propext
SequenceCircuits	sc_gray_cube_is_also_interval	Quot.sound,SequenceCircuits.sc_gray_cube_is_also_interval._native.native_decide.ax_1_1,propext
SequenceCircuits	sc_gray_relabels_segments	Quot.sound,SequenceCircuits.sc_gray_relabels_segments._native.native_decide.ax_1_1,propext
SequenceCircuits	sc_cell_injective	SequenceCircuits.sc_cell_injective._native.native_decide.ax_1_1,propext
SequenceCircuits	sc_no_cross_residue_merge	SequenceCircuits.sc_no_cross_residue_merge._native.native_decide.ax_1_1,propext
SequenceCircuits	sc_residue_field_fixed	SequenceCircuits.sc_residue_field_fixed._native.native_decide.ax_1_1,propext
SequenceCircuits	sc_gray_gf2_linear	SequenceCircuits.sc_gray_gf2_linear._native.native_decide.ax_1_1,propext
SequenceCircuits	sc_gray_xor_closed	SequenceCircuits.sc_gray_xor_closed._native.native_decide.ax_1_1,propext
SequenceCircuits	sc_gray_low_bit_commutes	SequenceCircuits.sc_gray_low_bit_commutes._native.native_decide.ax_1_1,propext
SequenceCircuits	sc_gray_changes_hamming	Quot.sound,SequenceCircuits.sc_gray_changes_hamming._native.native_decide.ax_1_1,propext
SequenceCircuits	sc_gray_bijective_on_5bits	SequenceCircuits.sc_gray_bijective_on_5bits._native.native_decide.ax_1_1,propext
